tokens,label
pesos philippine philippines corp pldt inc fax 63 manila rating,asia
stet italian italy lire telecom_italia state iri holding trillion alitalia,telecom
miami county american latin_america florida cargo dade chile air latin,america
top survey according average fund among study list most showed,
customers phone service calls call telephone number can business card,telecom
issue investors price offer listing offering public capital per stock,money
our business alliance statement global international agreement customers service provide,business
miles revenue_passenger available_seat lon rates average range load_factor_-_percent kg quoted,airline
says japanese japan tokyo port ana sanctions jal nippon ports,shipping
bid consortium bids bidding tender privatization sale auction bidders ministry,business
oil port crude tankers shipping source terminal tanker closed crude_oil,oil
belgian francs belgium 287 belgacom brussels_newsroom_+32 230 fax_+32 7710 brussels,europe
technology systems computer products network equipment system data corp software,technology
c&w cable sprint wireless telecoms alliance global_one france_telecom veba rwe,telecom
discharging 3 loading 4 due waiting discharge load 5 delays,
warrants pan_am dem call issued pct ag sec c x,
industry should report association such meeting standards use committee these,
171 542 cargo 7706 5017 added airport freight air_cargo express,airline
canadian canada croatia plan unions anderson grain croatian airline airlines,airline
debt bonds issue bond rating notes credit basis bank points,money
id kd stream hsd containers bombay general p&v steel chemicals,
last coupon ptcl maturity amt type bond pay_date iss_price pct,money
australia australian ltd 61 qantas ansett sydney_newsroom 1800 9373 sydney,australia
tons hours 24 export import_cargo ships ship pakistan compared cargo,shipping
estimate inc earnings eps first_call mean actual corp estimates surprise,money
pilots american strike union american_airlines board jets airline contract dispute,airline
agreement talks open united_states between aviation skies countries carriers rights,
french francs france france_telecom des generale de eaux accor 4221,
trade world countries wto united_states global pact deal agreement talks,
staff costs employees cost jobs cut plan cuts job years,business
tons port loading soybeans finnish markka finnair santos oy helsinki,shipping
london virgin baa british airports gatwick virgin_express heathrow airport branson,airline
fuel prices airlines costs iata fares surcharge jet_fuel increase price,airline
valujet faa safety flight airline crash airlines aircraft federal_aviation_administration may,airline
New_York london 1/2 fcl +0 1/4 -0 1/8 sydney change,
insurance shipping ships international liability compensation marine ship insurers claims,shipping
tons rose 1995 traffic cargo total compared passengers increased months,
india indian rupees saudi new_delhi state bombay delhi ltd officials,asia
hong_kong airlines cathay_pacific china cathay air airways macau ltd dragonair,asia
some spokesman because problems day could out affected officials monday,
contract order aircraft worth engines regional unit won signed engine,airline
hotel hotels room marriott tourism rooms properties star occupancy four,
united svyazinvest russia russian ual stake united_airlines telecoms auction 25,
per ended loss income net_income expenses net revenues months taxes,money
nynex bell_atlantic long_distance mci local customers communications merger service wireless,
oil gas energy power williams pipeline natural_gas corp production electric,
escudos portugal lisbon tap worldcom portuguese portugal_telecom mfs telecel pt,telecom
south_africa south_african rand telkom argentina newsroom saa johannesburg telefonica de,
police who his she people her security trial against found,
analysts analyst some could earnings growth high investors likely may,money
fcc communications federal commission local long-distance regulators rules competition local_phone,telecom
delta airlines airline twa continental usair us_airways northwest carrier southwest,airline
years next five plans 10 2000 end around increase per,
project bank construction loan development signed investment build consortium projects,business
labor tax railtrack pounds british party britain privatized investment windfall_tax,
airlines airline air flights passengers carrier domestic travel international routes,airline
securities inc filing offering exchange_commission common_stock proceeds debt common capital,money
flights service between daily flight airline airlines route new_york air,airline
post postal mail post_office postal_service austrian austria schillings vienna lauda,
day tel ads volume closed high represents low american_depository recorded,
production strike plant car spain parts spanish truckers plants ford,business
oil tanker japan spill tons nuclear bay tokyo km sea,oil
ote greece greek drachmas 4 athens 3311812 athens_newsroom_+301 farmers seamen,
net shr loss revs avg_shrs 1995 numbers profit data_above_000s_except_per_share note,
digital television tv channels notified bskyb broadcasting satellite channel control,technology
privatization state bill law sale telecommunications ministry parliament program minister,telecom
ltd singapore 65 holdings singapore_newsroom ordinary statement interest land sun,
total 0 14 8 13 7 100 6 15 3,
months next first six weeks days four five within years,
i do if can think you very what going our,
tons cargo goods exports export imports shipments products trade customs,shipping
new_zealand telecom 4 64 wellington_newsroom air_nz 4734746 ltd newsroom --wellington,telecom
due port wheat waiting load vessel_loading loading 3 point delays,shipping
mexico mexican telmex de pesos grupo mexico_city 728 tmm sa,
lufthansa german germany frankfurt marks airline sales lufthansa_cargo dag added,airline
canada canadian air_canada toronto montreal 416 bce 941 reuters_toronto_bureau 8100,
stg 171 542 british london_newsroom_+44 uk plc pounds britain 7717,
12 based yields prop colonial 18 13 11 14 16,
quarter earnings revenues per second_quarter first_quarter rose results fourth_quarter ago,money
china yuan shanghai chinese beijing shenzhen official southern hong_kong province,asia
record dividend pay quarterly prior amount per latest ltd cash,money
network cable telecommunications lines telephone communications fiber networks telecom system,telecom
general_cargo berths delays bulk port discharging working normally berthing 3,shipping
drivers truckers france french trucks hours truck road day strike,
brazil telebras reais brazilian sao_paulo state sao_paulo_newsroom 5511 cellular concessions,
plane airport passengers police flight cyprus hijackers crew jordan hijacked,airline
internet service online web access providers users internet_service network internet_access,telecom
options contracts traded call 1/2 january calls trading put stock,money
cents ltd dividend nil h.k. holdings march february 4.0 exceptional,money
airport bhd terminal ringgit airports malaysia malaysian center facilities city,airline
newsroom riga baltic estonian privatization lithuanian latvian latvia estonia tallinn,
party his political opposition election leader corruption prime_minister center former,politics
bell pacific gte sbc california merger union_pacific frontier belgrade southwestern,
shareholders offer per cash stock merger each value common_stock outstanding,money
p&o shipping ferry container nedlloyd panama canal merger lines ships,shipping
freight logistics express transport air transportation international distribution emery worldwide,shipping
talks sides strike herman agreement negotiations thursday both week friday,business
bodies people plane who ethiopian island survivors passengers out crash,airline
gmt flights airport friday night hours saturday spokesman p.m. morning,airline
eurotunnel debt banks shareholders restructuring deal francs french ponsolle bank,money
n ice none fast min class dwt 10 level gulf,
satellite launch satellites space rocket communications hughes panamsat orbit corp,technology
march december july april june october january statement until may,
plc group_plc holdings_plc trust_plc ltd trust holdings homes_plc takeovers cable,
10 p e 6 9 5 7 4 3 8,
dutch klm guilders 20 504 5000 amsterdam amsterdam_newsroom_+31 5040 van,
ntt japan yen japanese international kdd nippon_telegraph telephone_corp tokyo corp,
day ads ordinary represents low high london recorded 20 jakarta_newsroom,
telkom listed london prices stock following stocks latest indonesian tambang_timah,
air_traffic controllers air airports aircraft airlines airport flights air_traffic_control flight,airline
air_france french air_liberte airline paris ba francs tat air_france_europe france,airline
stake percent_stake sale sell buy deal sold capital investment owned,money
adrs among rose adr american_depositary volume receipts trade telebras 1/4,
vs yen unless net loss billions sales current specified 31,money
at&t allen walter at&t_corp corp. ncr business communications analysts lucent,telecom
100 5 50 125 45 10 3 55 30 40,
industry competition can business some could now such if into,business
swissair swiss sabena francs switzerland sairgroup zurich 631 7340 ag,europe
court against filed case ruling judge lawsuit suit law federal,
859 212 fares 1610 new_york_newsdesk travel tickets fare new_york must,
tons down airports paris 542 171 1995 january adp handled,
thai baht thailand bangkok ericsson swedish 700 8 stockholm_newsroom_+46 sweden,
singapore singtel sia telecommunications ltd 65 singapore_newsroom singapore_airlines april license,
strike coffee colombia truck colombian bogota drivers port truckers association,
= may june corn wheat aug apr jun jan oct,
telecom telecommunications telephone telecoms international competition operators monopoly local lines,telecom
gsm license network mobile mobile_phone system consortium state operator owned,telecom
growth our business earnings strong continue revenues revenue increase performance,money
pilots union airline wage contract agreement pay employees talks continental,airline
aircraft boeing fleet airline planes airbus order airlines 737 delivery,airline
advertising television entertainment disney media radio mgm tv film sports,business
sas crowns danish copenhagen denmark tele_danmark swedish sweden copenhagen_newsroom_+45 norway,
days due berthed waiting 3 general_cargo port berth delay anchorage,shipping
indonesia rupiah indonesian pt jakarta firm telkom indosat 384 6364,
inc agreement deal acquisition under transaction corp terms u_s_west merger,business
crash new_york bomb investigators fuel explosion missile plane 800 tank,
1/2p 171 stock 542 gmt london_newsroom_+44 dealers calls deal puts,
profit results profits 1995 net_profit loss tax first_half earnings reported,money
budapest hungarian hungary forints april rt newsroom matav danubius 327,
system electronic information card security data commerce greyhound financial service,
tnt kpn ptt post bid dutch offer telecoms postal express,
cellular wireless communications mobile network service subscribers pcs digital phones,telecom
buy earnings analyst stock rating per estimate inc 1998 coverage,money
crowns czech spt shipping newsroom prague a.s norwegian 42 tankers,
ship vessel crew port off cargo coast_guard officials carrying when,shipping
bt mci merger concert deal communications british_telecommunications_plc telecoms british_telecom british,telecom
ba strike cabin_crew union airline pounds british_airways flights dispute staff,airline
budget deficit currency economic funds monetary tax pension state union,money
could if any decision can spokesman because out whether did,
cable optus television high seen low sales satellite optus_vision communications,technology
winds port per ports hour gulf_of_mexico waves high state knots,
africa kenya african nairobi air nigeria coast ivory cfa west,
venezuela cantv venezuelan caracas viasa 582 newsroom 505 channel 2600,
pct cargo total tons down 542 171 change jan 7706,
itt hilton hotels bid offer corp. hotel bollenbach sheraton assets,
fire tunnel eurotunnel train freight french safety eurostar shuttle channel_tunnel,
telstra sale australian third senate alston telstra_corp harradine bill carrier,
hfs car travel real_estate avis rental inc phh cuc inc.,
chairman board president his who chief_executive named management director executive,
conrail csx norfolk_southern merger shareholders cash deal offer bid railroad,
stock cents inc. corp. new_york_stock_exchange trading based rose co. nasdaq,money
ba alliance american slots airlines british_airways deal britain competition american_airlines,airline
irish bulgaria newsroom turkey ireland dublin sofia aer bulgarian btc,
hong_kong china ltd 852 2843 hong_kong_newsroom holdings hongkong_telecom chinese cosco,asia
rates rate calls charges per international fees cut call cost,
warrants listing basket hong_kong ltd pct price premium bank date,
who years when world his out people first into many,
russian russia moscow aeroflot 941 8520 +7095 soviet moscow_newsroom international,
airbus boeing aircraft a330 engine merger airbus_industrie consortium engines mcdonnell_douglas,airline
total change 000 3.5 june december 3.6 5.2 6.0 4.8,
israel bezeq israeli tel_aviv el_al 972 newsroom 537 shekels palestinian,
312 408 8787 chicago_newsdesk --chicago_newsdesk reuters_chicago_newsdesk inc corp illinois ameritech,
casino cruise trump carnival hotel gaming grand caribbean resorts hotels,
korean due korea seoul south_korea yen kal unsecured co_ltd guam,asia
div pft eps n f plc poland polish sa warsaw,
rail railway train trains line railways passenger transport bus lines,
taiwan china direct shipping hong_kong mainland taipei links beijing chinese,asia
uld ldd loading coal commodity ship tons berthing following unloading,shipping
plane people crash flight passengers into pilot officials when airport,airline
telefonica spain spanish pesetas unisource iberia 585 retevision telecoms telefonica_de_espana,telecom
corp earnings closed inc stock 1/2 per 1/4 3/4 3/8,money
france_telecom state french francs sale france sncf privatization thomson socialist,
cargo flights 171 542 weekly freighter boeing 747 paris between,airline
index trading stocks trade stock points investors down gmt brokers,money
marks telekom german germany ag deutsche_telekom deutsche deutsche_telekom_ag mannesmann 228,
rates cargo demand carriers kg rate business added capacity uk,
plan into under management plans operations part added separate planned,business
port ports container shipping ships cargo containers tons terminal officials,shipping
b h s = index change securities 22 india tata,
ups strike teamsters union workers delivery package united_parcel_service day jobs,politics
strike workers union unions labor work protest called wednesday against,politics
river port grain congestion terminals working traffic barge terminal week,
commission eu european european_commission competition rules european_union ministers van_miert between,politics
restaurants mcdonald restaurant sales food stores chain open store chicken,
gulf foreign dubai emirates kuwait airlines al air airline arab,airline
tax state city bill airport authority federal transportation house senate,
newspaper comment report reported declined spokesman could saying talks quoted,
europe asia countries world international region european asian markets growth,
shareholders meeting board shareholder vote directors approved statement held special,business
securities 9 1995 average pesos bln forecast corp year-ago +money